-- MySQL dump 10.13  Distrib 8.0.28, for Win64 (x86_64)
--
-- Host: localhost    Database: grocerydb
-- ------------------------------------------------------
-- Server version	8.0.28

/*!40101 SET @OLD_CHARACTER_SET_CLIENT=@@CHARACTER_SET_CLIENT */;
/*!40101 SET @OLD_CHARACTER_SET_RESULTS=@@CHARACTER_SET_RESULTS */;
/*!40101 SET @OLD_COLLATION_CONNECTION=@@COLLATION_CONNECTION */;
/*!50503 SET NAMES utf8 */;
/*!40103 SET @OLD_TIME_ZONE=@@TIME_ZONE */;
/*!40103 SET TIME_ZONE='+00:00' */;
/*!40014 SET @OLD_UNIQUE_CHECKS=@@UNIQUE_CHECKS, UNIQUE_CHECKS=0 */;
/*!40014 SET @OLD_FOREIGN_KEY_CHECKS=@@FOREIGN_KEY_CHECKS, FOREIGN_KEY_CHECKS=0 */;
/*!40101 SET @OLD_SQL_MODE=@@SQL_MODE, SQL_MODE='NO_AUTO_VALUE_ON_ZERO' */;
/*!40111 SET @OLD_SQL_NOTES=@@SQL_NOTES, SQL_NOTES=0 */;

--
-- Table structure for table `admin`
--

DROP TABLE IF EXISTS `admin`;
/*!40101 SET @saved_cs_client     = @@character_set_client */;
/*!50503 SET character_set_client = utf8mb4 */;
CREATE TABLE `admin` (
  `email` varchar(255) NOT NULL,
  `password` varchar(255) DEFAULT NULL,
  `user_name` varchar(255) DEFAULT NULL,
  PRIMARY KEY (`email`)
) ENGINE=InnoDB DEFAULT CHARSET=utf8mb4 COLLATE=utf8mb4_0900_ai_ci;
/*!40101 SET character_set_client = @saved_cs_client */;

--
-- Dumping data for table `admin`
--

LOCK TABLES `admin` WRITE;
/*!40000 ALTER TABLE `admin` DISABLE KEYS */;
INSERT INTO `admin` VALUES ('admin@gmail.com','pass','admin001');
/*!40000 ALTER TABLE `admin` ENABLE KEYS */;
UNLOCK TABLES;

--
-- Table structure for table `category`
--

DROP TABLE IF EXISTS `category`;
/*!40101 SET @saved_cs_client     = @@character_set_client */;
/*!50503 SET character_set_client = utf8mb4 */;
CREATE TABLE `category` (
  `category_id` bigint NOT NULL AUTO_INCREMENT,
  `category_name` varchar(255) DEFAULT NULL,
  `category_type` varchar(255) DEFAULT NULL,
  PRIMARY KEY (`category_id`)
) ENGINE=InnoDB AUTO_INCREMENT=8 DEFAULT CHARSET=utf8mb4 COLLATE=utf8mb4_0900_ai_ci;
/*!40101 SET character_set_client = @saved_cs_client */;

--
-- Dumping data for table `category`
--

LOCK TABLES `category` WRITE;
/*!40000 ALTER TABLE `category` DISABLE KEYS */;
INSERT INTO `category` VALUES (1,'Perals and Dal','Dal'),(2,'Packaged Foods','Tea and Coffee'),(3,'HouseHold Care','housecare '),(4,'Daily product','Milk'),(5,'Health Poduct','ayuriveda'),(6,'Personal And Beauty','Beauty'),(7,'Kitchen','Kitchen Product');
/*!40000 ALTER TABLE `category` ENABLE KEYS */;
UNLOCK TABLES;

--
-- Table structure for table `customer`
--

DROP TABLE IF EXISTS `customer`;
/*!40101 SET @saved_cs_client     = @@character_set_client */;
/*!50503 SET character_set_client = utf8mb4 */;
CREATE TABLE `customer` (
  `customer_id` bigint NOT NULL AUTO_INCREMENT,
  `customer_address` varchar(255) DEFAULT NULL,
  `customer_email` varchar(255) DEFAULT NULL,
  `customer_name` varchar(255) DEFAULT NULL,
  `customer_password` varchar(255) DEFAULT NULL,
  `customer_phone` bigint NOT NULL,
  PRIMARY KEY (`customer_id`)
) ENGINE=InnoDB AUTO_INCREMENT=5 DEFAULT CHARSET=utf8mb4 COLLATE=utf8mb4_0900_ai_ci;
/*!40101 SET character_set_client = @saved_cs_client */;

--
-- Dumping data for table `customer`
--

LOCK TABLES `customer` WRITE;
/*!40000 ALTER TABLE `customer` DISABLE KEYS */;
INSERT INTO `customer` VALUES (1,'annaNagar,chennai','raghul@gmail.com','Raghul','1234',8877990099),(2,'Kilpauk','dharani@gmail.com','Dharani','0099',9090909988),(3,'Anna Arch','shreeja@gmail.com','Sri','2203',8877669090),(4,'Anna Nagar east','ramesh@gmail.com','Ramesh','2504',9962154084);
/*!40000 ALTER TABLE `customer` ENABLE KEYS */;
UNLOCK TABLES;

--
-- Table structure for table `customer_order`
--

DROP TABLE IF EXISTS `customer_order`;
/*!40101 SET @saved_cs_client     = @@character_set_client */;
/*!50503 SET character_set_client = utf8mb4 */;
CREATE TABLE `customer_order` (
  `order_id` bigint NOT NULL AUTO_INCREMENT,
  `order_date` varchar(255) DEFAULT NULL,
  `customer_id` bigint DEFAULT NULL,
  PRIMARY KEY (`order_id`),
  KEY `FKf9abd30bhiqvugayxlpq8ryq9` (`customer_id`),
  CONSTRAINT `FKf9abd30bhiqvugayxlpq8ryq9` FOREIGN KEY (`customer_id`) REFERENCES `customer` (`customer_id`)
) ENGINE=InnoDB AUTO_INCREMENT=2 DEFAULT CHARSET=utf8mb4 COLLATE=utf8mb4_0900_ai_ci;
/*!40101 SET character_set_client = @saved_cs_client */;

--
-- Dumping data for table `customer_order`
--

LOCK TABLES `customer_order` WRITE;
/*!40000 ALTER TABLE `customer_order` DISABLE KEYS */;
INSERT INTO `customer_order` VALUES (1,'2022-05-01',1);
/*!40000 ALTER TABLE `customer_order` ENABLE KEYS */;
UNLOCK TABLES;

--
-- Table structure for table `delivery`
--

DROP TABLE IF EXISTS `delivery`;
/*!40101 SET @saved_cs_client     = @@character_set_client */;
/*!50503 SET character_set_client = utf8mb4 */;
CREATE TABLE `delivery` (
  `delivery_id` bigint NOT NULL AUTO_INCREMENT,
  `delivary_location` varchar(255) DEFAULT NULL,
  `delivery_date` date DEFAULT NULL,
  `delivery_status` varchar(255) DEFAULT NULL,
  `customer_id` bigint DEFAULT NULL,
  PRIMARY KEY (`delivery_id`),
  KEY `FKr0mg2e4p18frsju6qut84g8fs` (`customer_id`),
  CONSTRAINT `FKr0mg2e4p18frsju6qut84g8fs` FOREIGN KEY (`customer_id`) REFERENCES `customer` (`customer_id`)
) ENGINE=InnoDB AUTO_INCREMENT=2 DEFAULT CHARSET=utf8mb4 COLLATE=utf8mb4_0900_ai_ci;
/*!40101 SET character_set_client = @saved_cs_client */;

--
-- Dumping data for table `delivery`
--

LOCK TABLES `delivery` WRITE;
/*!40000 ALTER TABLE `delivery` DISABLE KEYS */;
INSERT INTO `delivery` VALUES (1,'annaNagar,chennai','2022-05-11','In-process',1);
/*!40000 ALTER TABLE `delivery` ENABLE KEYS */;
UNLOCK TABLES;

--
-- Table structure for table `ordered_products`
--

DROP TABLE IF EXISTS `ordered_products`;
/*!40101 SET @saved_cs_client     = @@character_set_client */;
/*!50503 SET character_set_client = utf8mb4 */;
CREATE TABLE `ordered_products` (
  `ordered_product_id` bigint NOT NULL AUTO_INCREMENT,
  `product_name` varchar(255) DEFAULT NULL,
  `product_price` double NOT NULL,
  `product_quantity` int NOT NULL,
  `order_id` bigint DEFAULT NULL,
  PRIMARY KEY (`ordered_product_id`),
  KEY `FKiti7ranbciayh8l6i2ir1hm7c` (`order_id`),
  CONSTRAINT `FKiti7ranbciayh8l6i2ir1hm7c` FOREIGN KEY (`order_id`) REFERENCES `customer_order` (`order_id`)
) ENGINE=InnoDB AUTO_INCREMENT=2 DEFAULT CHARSET=utf8mb4 COLLATE=utf8mb4_0900_ai_ci;
/*!40101 SET character_set_client = @saved_cs_client */;

--
-- Dumping data for table `ordered_products`
--

LOCK TABLES `ordered_products` WRITE;
/*!40000 ALTER TABLE `ordered_products` DISABLE KEYS */;
INSERT INTO `ordered_products` VALUES (1,'FlikartPickle',130,1,1);
/*!40000 ALTER TABLE `ordered_products` ENABLE KEYS */;
UNLOCK TABLES;

--
-- Table structure for table `product`
--

DROP TABLE IF EXISTS `product`;
/*!40101 SET @saved_cs_client     = @@character_set_client */;
/*!50503 SET character_set_client = utf8mb4 */;
CREATE TABLE `product` (
  `product_id` bigint NOT NULL AUTO_INCREMENT,
  `product_image` varchar(255) DEFAULT NULL,
  `product_info` varchar(255) DEFAULT NULL,
  `product_name` varchar(255) DEFAULT NULL,
  `product_price` double NOT NULL,
  `category_id` bigint DEFAULT NULL,
  `seller_id` bigint DEFAULT NULL,
  PRIMARY KEY (`product_id`),
  KEY `FK1mtsbur82frn64de7balymq9s` (`category_id`),
  KEY `FKesd6fy52tk7esoo2gcls4lfe3` (`seller_id`),
  CONSTRAINT `FK1mtsbur82frn64de7balymq9s` FOREIGN KEY (`category_id`) REFERENCES `category` (`category_id`),
  CONSTRAINT `FKesd6fy52tk7esoo2gcls4lfe3` FOREIGN KEY (`seller_id`) REFERENCES `seller` (`seller_id`)
) ENGINE=InnoDB AUTO_INCREMENT=15 DEFAULT CHARSET=utf8mb4 COLLATE=utf8mb4_0900_ai_ci;
/*!40101 SET character_set_client = @saved_cs_client */;

--
-- Dumping data for table `product`
--

LOCK TABLES `product` WRITE;
/*!40000 ALTER TABLE `product` DISABLE KEYS */;
INSERT INTO `product` VALUES (1,'/product-images/product-1.webp','TEa time ','Tata Premium Tea  Pack (1.5 kg)',466,2,1),(2,'/product-images/product-2.webp','chocolate','Cadbury Dairy Milk Silk Roast Almond Bars  (143 g)',566,4,1),(3,'/product-images/product-3.webp','bun','TreatCreamBurst',30,2,2),(4,'/product-images/product-4.webp','pickle','FlikartPickle',130,4,2),(5,'/product-images/product-5.webp','dailymilk','GoMilk',200,4,1),(6,'/product-images/product-6.webp','Noodle','Maggie pack of $4',117,2,3),(7,'/product-images/product-7.webp','Sources','Del Monte Tomato Classic Blend Ketchup  (800 g)',114,2,1),(8,'/product-images/product-8.webp','Jam','Kissan Mixed Fruit Jam 100 g',20,4,2),(9,'/product-images/product-9.webp','Mild Cheese','Dlecta Processed cheese Block  (200 g)',76,4,1),(10,'/product-images/product-10.webp','Home Need','Exo Touch & Shine Round Dishwash Bar  (Exo Super Scrubber Worth Rs.15 Free)  (1.4 kg, Pack of 2)',112,3,3),(11,'/product-images/product-11.webp','Polish','Cherry Blossom Nourishes Leather Shoe Wax Polish  (Black)',56,3,1),(12,'/product-images/product-12.webp','Beauty','Fair & Lovely Advanced Multi Vitamin  (25 g)',45,6,2),(13,'/product-images/product-13.webp','Beauty','NIVEA Express Hydration Body Lotion  (400 ml)',123,6,1),(14,'/product-images/product-14.webp','Beauty','Parachute Advansed Deep Nourish Body Lotion  (400 ml)',345,6,3);
/*!40000 ALTER TABLE `product` ENABLE KEYS */;
UNLOCK TABLES;

--
-- Table structure for table `seller`
--

DROP TABLE IF EXISTS `seller`;
/*!40101 SET @saved_cs_client     = @@character_set_client */;
/*!50503 SET character_set_client = utf8mb4 */;
CREATE TABLE `seller` (
  `seller_id` bigint NOT NULL AUTO_INCREMENT,
  `seller_contact` bigint NOT NULL,
  `seller_name` varchar(255) DEFAULT NULL,
  PRIMARY KEY (`seller_id`)
) ENGINE=InnoDB AUTO_INCREMENT=4 DEFAULT CHARSET=utf8mb4 COLLATE=utf8mb4_0900_ai_ci;
/*!40101 SET character_set_client = @saved_cs_client */;

--
-- Dumping data for table `seller`
--

LOCK TABLES `seller` WRITE;
/*!40000 ALTER TABLE `seller` DISABLE KEYS */;
INSERT INTO `seller` VALUES (1,9909908888,'AAA Foods'),(2,8899776655,'ABC foods'),(3,9090889090,'FarmFresh');
/*!40000 ALTER TABLE `seller` ENABLE KEYS */;
UNLOCK TABLES;

--
-- Table structure for table `transaction`
--

DROP TABLE IF EXISTS `transaction`;
/*!40101 SET @saved_cs_client     = @@character_set_client */;
/*!50503 SET character_set_client = utf8mb4 */;
CREATE TABLE `transaction` (
  `transaction_id` bigint NOT NULL AUTO_INCREMENT,
  `transaction_amount` double NOT NULL,
  `transaction_date` date DEFAULT NULL,
  `transaction_mode` varchar(255) DEFAULT NULL,
  `customer_id` bigint DEFAULT NULL,
  `order_id` bigint DEFAULT NULL,
  PRIMARY KEY (`transaction_id`),
  KEY `FKnbpjofb5abhjg5hiovi0t3k57` (`customer_id`),
  KEY `FKe4gqy3b8doqnmnc5ye1yv469m` (`order_id`),
  CONSTRAINT `FKe4gqy3b8doqnmnc5ye1yv469m` FOREIGN KEY (`order_id`) REFERENCES `customer_order` (`order_id`),
  CONSTRAINT `FKnbpjofb5abhjg5hiovi0t3k57` FOREIGN KEY (`customer_id`) REFERENCES `customer` (`customer_id`)
) ENGINE=InnoDB AUTO_INCREMENT=2 DEFAULT CHARSET=utf8mb4 COLLATE=utf8mb4_0900_ai_ci;
/*!40101 SET character_set_client = @saved_cs_client */;

--
-- Dumping data for table `transaction`
--

LOCK TABLES `transaction` WRITE;
/*!40000 ALTER TABLE `transaction` DISABLE KEYS */;
INSERT INTO `transaction` VALUES (1,130,'2022-05-01','Offline - Cash On Delivery',1,1);
/*!40000 ALTER TABLE `transaction` ENABLE KEYS */;
UNLOCK TABLES;
/*!40103 SET TIME_ZONE=@OLD_TIME_ZONE */;

/*!40101 SET SQL_MODE=@OLD_SQL_MODE */;
/*!40014 SET FOREIGN_KEY_CHECKS=@OLD_FOREIGN_KEY_CHECKS */;
/*!40014 SET UNIQUE_CHECKS=@OLD_UNIQUE_CHECKS */;
/*!40101 SET CHARACTER_SET_CLIENT=@OLD_CHARACTER_SET_CLIENT */;
/*!40101 SET CHARACTER_SET_RESULTS=@OLD_CHARACTER_SET_RESULTS */;
/*!40101 SET COLLATION_CONNECTION=@OLD_COLLATION_CONNECTION */;
/*!40111 SET SQL_NOTES=@OLD_SQL_NOTES */;

-- Dump completed on 2022-05-02 10:06:27
